code,title,level,ects,description,topics,filename
B-506-05,Subject of Fre Choice,Master,3,# Learning outcome LO1 LO2 LO3,"Type Themes/Actitivity Contact hours, h Week Full-titime From To Part 1 0",Subject_B_506_05_en.pdf
C-142-04,"Labour Safety, Civil Defence and Environment Protection",Master,3,,,Subject_C_142_04_en.pdf
C-603-05,Latvian for Foreign Students,Master,3,"the course is to provide students with basic knowledge of the Latvian language, to introduce gramar structures and vocabulary used in daily conversations as wel as in social and state institutions. | # Learning outcome LO1 Know basic language constructions and paterns LO2 Use simple verbs in simple tenses to cover main topics, use simple word-combinations and numerals for forming language constructions related to the topic 1 Learning outcomes LO3 Provide writen and oral information on certain topics","Type Themes/Actitivity Contact hours, h Week Full-titime From To Part 1 P Formal and informal gretings. Personal information. 4 W1 W2 Family P My ocuptation 6 W3 W5 P My house, flat. On excursion 4 W6 W7 P Numbers, months, a clock 4 W8 W9 P My studies at a university 4 W9 W10 P Comparison. Declinations 2 W1 W12 P In the shop. Money 4 W13 W14 P Means of transport. 4 W15 W16",Subject_C_603_05_en.pdf
M-06-04,Information Systems and Technologies,Master,6,,,Subject_M_066_04_en.pdf
M-10-04,Data Mining,Master,6,,,Subject_M_100_04_en.pdf
M-212-04,Computer Vision and Image Procesing,Master,6,"the course is to familiarize students with the problems of computer image procesing and the most comon ways to solve them, including methods for recording video information, image filtering, segmentation, enhancement and restoration, recognition and clasification of objects.",,Subject_M_212_04_en.pdf
M-25-04,Cybersecurity and Data Protection,Master,6,"# Learning outcome LO1 Identify traits of cybercriminals and security experts, core data protection principles, cybercriminal methods, infosec policies and standards, and data protection laws. LO2 Usage of relevant technologies, products and procedures to protect data confidentiality; ensure data integrity and provide data high availability. LO3 Aplication of standards and frameworks asociated with data protection and cybersecurity.",,Subject_M_225_04_en.pdf
M-26-04,Modern Database Technologies,Master,9,,"Learning outcomes # Learning outcome LO1 Understand and use the relational model to structure data for eficient and efective storage and retrieval LO2 Design, develop and validate a range of data models and schemas LO3 Understand, evaluate and aply a range of data query and manipulation languages and frameworks LO4 Demonstrate competence with theoretical and practical aspects of enterprise data me",Subject_M_226_04_en.pdf
M-27-04,Programing for Data Analytics,Master,9,"this course is to introduce the fundamental concepts behind software programing, and to give students practical hands-on experience reading and writing computer programs for manipulate large data sets.",,Subject_M_227_04_en.pdf
M-28-04,Mathematics for Data Analytics,Master,6,"the course is to provide a strong background in mathematical concepts related to the data analytics field. | # Learning outcome LO1 Knows and understands fundamental properties of matrices, their norms and aplications. LO2 Understands and uses multivariate functions. 1 Learning outcomes LO3 Knows and understands optimization methods involving matrices and multivariate functions. LO4 Understands principles of statistical estimation and knows contemporary estimation methods.","Type Themes/Actitivity Contact hours, h Week Full-titime From To Part 1 L Matrices: definition, aplications and basic operations. 4 W1 L Square matrices: determinant and inverse matrix. 2 W2 L Eigensystems: eigenvalues and eigenvectors. 2 W3 P Practical asignment 1 4 W4 L Matrices and systems of linear equations. 4 W5 L Range and kernel of matrices. Positive definite matrices. 2 W6 P Practical asi",Subject_M_228_04_en.pdf
M-231-04,Research Methodology,Master,9,,,Subject_M_231_04_en.pdf
M-232-04,Busines Inteligence and Data Visualisation,Master,6,"# Learning outcome LO1 Define, demarcate, and explore busines problems interactively in comunication with key stakeholders LO2 Select, evaluate, and employ apropriate tols, platforms and methods to generate BI and visualisation solutions. LO3 Reflect upon and critique own and others informational and visual artefact 1 Learning outcomes LO4 Deliver a data-driven narative apropriately and efectively to stakeholders, based on a theoretical underpining of comunicating for impact","Type Themes/Actitivity Contact hours, h Week Full-titime From To Part 1 L Overview of busines decisions and chalenges requiring 6 W1 W2 BI input. Efective design critique and profesional practice L Conecting to enterprise data sources. Verifying and 6 W3 W4 anotating data acording to provenance. L Use of BI tols and platforms (e.g. Tableau) to analyse 10 W5 W7 data and present results in tabular a",Subject_M_232_04_en.pdf
M-23-04,Machine Learning and Predictive Analytics,Master,6,LO5 Visualise and present the results of predictive and descriptive models alongside an evaluation of performance and recomendations for improvement LO6 Understand predictive analytics trends and chalenges and ilustrate fluency with software tols used in predictive analytics,"Type Themes/Actitivity Contact hours, h Week Full-titime From To Part 1 L Introduction to machine learning 2 W1 L “Case-study” dažādiem mācību veidiem - (apmācība) 2 W2 L Machine learning for predictive analytics 8 W3 W5 L Case study on problem - a “suitable” predictive modeling 8 W6 W8 technique - (tutorial) L Advanced topics and Software tols 8 W9 W12 L Trends and chalenges in predictive analyti",Subject_M_233_04_en.pdf
M-234-04,Interdisciplinary Group Project,Master,6,"# Learning outcome LO1 Aply design thinking and service design for inovation, improved eficiency or research insight LO2 Aply design thinking and service design for inovation, improved eficiency or research insight LO3 Work productively, equitably and colaboratively in multidisciplinary teams using agile project management methods LO4 Select, aply and critique contemporary tols, methods and technologies using real- world data and use cases.","Type Themes/Actitivity Contact hours, h Week Full-titime From To Part 1 L Learning sets and project identification 6 W1 W3 P Workshop topics 12 W4 W7 P Project development and delivery 14 W8 W1 L Workshop topics 16 W12 W16",Subject_M_234_04_en.pdf
M-245-04,Quality Models of Software and Information Systems (QM SIS),Master,6,"# Learning outcome LO1 Define and describe standard characteristics of the quality of information systems and proceses of their development, including maturity levels of organizations acording to the CMI model. LO2 Identify quantitative quality goals for information systems and IT Projects. LO3 Use curent models to improve the quality of IT proceses. LO4 Identify problems in the development of information systems and find their causes in order to prevent them further.",,Subject_M_245_04_en.pdf
M-253-04,Master Thesis,Master,30,,"Type Themes/Actitivity Contact hours, h Week Full-titime From To Part 1 L Seminar: Master thesis preparation, general requirements 2 W1 and procedures L Seminar: Use of library services 2 W2 L Seminar: Ethics and plagiarism 2 W2 1 Sylabus and Study plan L Conference Participation: Research and Academic 2 W10 Conference Research and Technology – Step into the Future L Pre-Defence of Master's Thesis",Subject_M_253_04_en.pdf
M-340-01,Critical Thinking and Inovation,Master,6,this course is to equip students with the basic skils of exercising critical thought to develop and suport their views and evaluate arguments in academic debate and practical afairs of everyday life. | # Learning outcome LO1 Know and explain the key atitudes and skils in critical thinking LO2 Aply critical thinking skils to examine arguments in debates and texts LO3 Identify falacious reasoning in everyday life and corect the falacies identified LO4 Formulate the problem and actualize seting goals and objectives of the research in terms of systems theory LO5 Aply a systematic aproach to the analysis and synthesis of complex systems for problem solutions,"Type Themes/Actitivity Contact hours, h Week Full-titime From To Part 1 L Critical thinking. Main definitions 4 W1 W1 P Levels of intelectual skil: the thinking triangle 4 W2 W2 L Critical Thinking Standards 4 W3 W3 P Critical thinking strategies 4 W4 W4 L Bariers to Critical Thinking 4 W5 W5 L Critical Thinking Skils 4 W6 W6 L The role of critical thinking in project management 4 W7 W7 L Tols to ",Subject_M_340_01_en.pdf
M-350-01,Modern Software Enginering,Master,9,"this course is to equip learners with the knowledge and practical skils in modern software enginering methodologies, principles, and practices. Learners wil develop the ability to evaluate the efectivenes of an organization’s software development practices, sugest improvements, and define a proces improvement strategy. | and include presentations, project work, and the final examination. 2 Independent study Independent work is organized through the performance of several types of asignments: research tasks, project work, and presentations. Full-titime First Sit Elements Element",,Subject_M_350_01_en.pdf
M-40-01,Artificial Inteligence,Master,6,,,Subject_M_400_01_en.pdf
M-401-01,Project and Requirements Management,Master,6,,,Subject_M_401_01_en.pdf
M-402-01,Advanced Artificial Inteligence,Master,6,# Learning outcome LO1 Aware about the contemporary AI models and is able to choice the proper method or aproach for AI solution implementation LO2 Capable implement dep learning model and aply neded techniques to get aceptable results LO3 Capable to plan an experiments and run research working with dep learning models,,Subject_M_402_01_en.pdf
M-404-01,Economics of Artificial Inteligence,Master,3,"the course is to develop critical thinking of students in area of artificial inteligence (AI) aplications. The course discuses a series of real-world case studies, covering diferent socioeconomic aspects of modern data analytics and AI, and stimulate students for critical analyses of related decisions and chalenges. | # Learning outcome LO1 Able to obtain and rationaly examine information and make reasoned decisions (PLO1) LO2 Spēj izstrādāt mūsdienīgus programatūras risinājumus, integrējot ētiskos, sociālos, juridiskos un ekonomiskos aspekti (PLO5) LO3 Able to design, develop, maintain, test and evaluate novel data analytics, machine learning, and artificial inteligence solutions and aply t","Type Themes/Actitivity Contact hours, h Week Full-titime From To Part 1 L Emerging socioeconomic aspects of modern DA and AI 4 W1 W1 technologies P Case study 1: Profitability and value-for-money of DA and 4 W2 W2 AI solutions P Case study 2: Data privacy and deanonymization 4 W3 W3 P Case study 3: Automation efects on labour market 4 W4 W4 P Case study 4: AI-powered decision making 4 W5 W5 P Case",Subject_M_404_01_en.pdf
M-405-01,Student Project,Master,3,"# Learning outcome LO1 Aply design thinking and service design for inovation, improved eficiency or research insight LO2 Work productively, equitably and colaboratively in multidisciplinary teams using agile project management methods LO3 Select, aply and critique contemporary tols, methods and technologies using real- world data and use cases.","Type Themes/Actitivity Contact hours, h Week Full-titime From To Part 1 L Project idea formulation 4 W1 W1 L Specialised lectures on research project implementation 8 W2 W6 S Project development and execution 8 W2 W8 L Report preparation and project presentation 4 W9 W9",Subject_M_405_01_en.pdf
M-546-04,Big Data,Master,6,this course is to explore al of the stages of the big data lifecycle; individualy and as a whole and provide knowledge and skils to enable the creation of the own data product,,Subject_M_546_04_en.pdf
M-90-01,Artificial Inteligence Group Project,Master,9,"# Learning outcome LO1 Demonstrate logical examination of information and coherent rationale for decisions. LO2 Develop modern software solutions, integrating ethical, social, legal and economic aspects. LO3 Design, develop, maintain, test and evaluate a novel data analytic, machine learning, and/or artificial inteligence solution and aply this to a real-world context.","Type Themes/Actitivity Contact hours, h Week Full-titime From To Part 1 L M-404-01: Economics of Artificial Inteligence 4 W1 W7",Subject_M_900_01_en.pdf
B-02-04,Introduction to Speciality,Bachelor,3,"# Learning outcome 1 Learning outcomes LO1 To name the basic direction of the Computer Science development, list basic requirements of the institute study proces, and discus the structure and main content of the education program. LO2 To describe the posible areas of profesional activity after graduation, to understand the relationship betwen computer systems, aplications, programing and programing languages. LO3 Use the information environment of the Institute for the learning proces.","Type Themes/Actitivity Contact hours, h Week Full-titime From To Part 1 L Structure of the TSI. The main requirements of the 2 W1 W2 educational proces at the institute. L Guidelines for the organization of training activities at the 2 W2 W3 university. L Review of discipline. The history of computer science. 2 W3 W4 L Computer architecture. Data storage. Procesing data. 2 W4 W5 L Operating system",Subject_B_002_04_en.pdf
B-03-04,Programing,Bachelor,9,,,Subject_B_003_04_en.pdf
B-03-06,Programing,Bachelor,12,"# Learning outcome LO1 Aply basic principles of algorithmization LO2 Use basic concepts and methods in programing LO3 Aply basic data structures 2 Learning outcomes LO4 Use high level programing language (as example C+, Python) to solve programing problems LO5 Understand the development stages of a program LO6 Implement algorithms and data procesing methods using high level programing language LO7 Use development environments and debugers for program development and testing",,Subject_B_003_06_en.pdf
B-04-04,Programing CW,Bachelor,3,,"Type Themes/Actitivity Contact hours, h Week Full-titime From To Part 1 Software lifecycle. Software development stages (project 4 asignment, work stages developing the project software, task analysis). User interface design basics (implementing a simple user 6 interface) Program constructs usage in practice. Modular programs 6 (detailed design of software through task decomposition and algorithm ",Subject_B_004_04_en.pdf
B-05-04,Discrete Mathematics,Bachelor,6,"this course is to instruct students in methods and models of computer mathematics: logical functions, logical networks, finite automaton, graph theory, flows in networks, algorithm theory, formal systems (theories), using modern software such as Python, SMath or any other.",,Subject_B_005_04_en.pdf
B-06-04,Data Structures and Algorithms,Bachelor,6,"# Learning outcome LO1 to know diferent data structures implementation and aplication in software design and basic algorithms of data structures procesing LO2 to design diferent data structures, to realise basic algorithms of diferent data structures procesing, and to evaluate the eficiency of these algorithms (abilities) LO3 to chose for each task optimal data structures and their procesing algorithms (competences)",,Subject_B_006_04_en.pdf
B-07-04,Probability Theory and Mathematical Statistics,Bachelor,6,,,Subject_B_007_04_en.pdf
B-08-04,Database and Data Banks,Bachelor,6,"# Learning outcome LO1 Know the main steps of development of the data bases and their content, as wel as the technologies used for development of the data bases LO2 Be able to model subject area, create data base using diferent Data Base Management Systems LO3 Be competent in building the set of requirements and functions of the developed system, as wel in chosing Data Base Management Systems for fulfiling the data base, basing on the set targets",,Subject_B_008_04_en.pdf
B-09-04,Computer Systems Structure,Bachelor,12,"the course is to provide a solid foundation to suport the development of software aplications, efectively using the potential of computer tols. | # Learning outcome LO1 Identify the basic elements of hardware and explain their functions and how they fit together to form a diferent computer architectures LO2 Explain and demonstrate how data is represented, manipulated and stored within a computer system LO3 Prepare and test simple programs for microprocesors systems",,Subject_B_009_04_en.pdf
B-010-04,Programing Languages Concepts,Bachelor,6,"# Learning outcome LO1 Know the basic principles and concepts that define the construction and aplication programing language LO2 Aply diferent PLs LO3 Have a suficient background in programing languages, quickly adapt to new scientific and practical achievements in the field of PLs","Type Themes/Actitivity Contact hours, h Week Full-titime From To Part 1 L Defining and problems of pro-graming languages 4 W1 Types of Programing Languges L The expresions in programing languages 4 W2 L The syntax and gramars 6 W3 Parsing and derivations P Practical asignment 1 4 W4 1 Sylabus and Study plan L The gramar for expresions 6 W5 Versions of gramars L The actions and statements in the pr",Subject_B_010_04_en.pdf
B-012-04,Optimization Methods,Bachelor,3,,,Subject_B_012_04_en.pdf
B-013-04,Operating systems,Bachelor,6,LO3 Write shel scripts in Linux and Windows to execute some tasks Write and aply for tasks complex regular expresions Consider resource management tols in operating systems,"Type Themes/Actitivity Contact hours, h Week Full-titime From To Part 1 Introduction. 2 Proceses and Threads. 4 Memory Management. 8 Input/Output. 8 File Systems. 8 UNIX. 4 Microsoft Windows. 4",Subject_B_013_04_en.pdf
B-014-04,Object-Oriented Programing,Bachelor,6,"# Learning outcome LO1 Describe the principles of object-oriented programing; 1 Learning outcomes LO2 Formulate OP problems as steps so as to be solved systematicaly. LO3 Design and develop object-oriented computer programs; LO4 Aply the concepts of data encapsulation, inheritance, and polymorphism to large-scale software. LO5 Design and develop programs with Graphical User Interfaces capabilities. LO6 Develop O software with team-work in mind.","Type Themes/Actitivity Contact hours, h Week Full-titime From To Part 1 L Overview of the O Paradigm. 4 W1 W1 L Clases and Encapsulation. 4 W2 W2 L Methods and polymorphism. 4 W3 W3 L Inheritance and Abstraction. 4 W4 W4 L Interfaces and abstract clases. 4 W5 W5 L Instances. 4 W6 W6 L Events and Delegates. 4 W7 W7 L Exceptions. 4 W8 W8 P Data Binding. Graphical User Interfaces Programing. 4 W9 W9 ",Subject_B_014_04_en.pdf
B-015-04,Logical Programing,Bachelor,3,"LO2 Creating simple programs in Prolog language; Reading Prolog programs created by others, using those as examples to solve problems; Disecting the subject area into phrases, then translating phrases into predicate expresions. LO3 Using logic programing to solve practical problems; Widening personal knowledge in logic programing, relying on experience from this course.","Type Themes/Actitivity Contact hours, h Week Full-titime From To Part 1 Introduction to logic programing. 2 Predicate logic. 2 Prolog languague. Elemets, syntax. 4 Relations, rules, structures. 4 Declarative and procedural meaning. 4 Automaton representaion in Prolog. 4 Lists and structure tres. 4 Route planer. 2 Ches – „Eight Quens Problem”. 4 Manipulating tres. 2",Subject_B_015_04_en.pdf
B-019-04,Software Enginering,Bachelor,9,,,Subject_B_019_04_en.pdf
B-02-04,Compiler Construction,Bachelor,6,,"Type Themes/Actitivity Contact hours, h Week Full-titime From To Part 1 Introduction in automation of programing. 4 Formal systems. 6 The lexical analysis and programing of the lexical 0 analyzer (scaner). Parsing and programing of a parser. 10 The internal form of representation of the initial program 6 and semantics of tables. Procedures of the semantic analysis. 8 Machine-independent optimizati",Subject_B_022_04_en.pdf
B-024-04,Methods of Computer Procesing of Statistical Data,Bachelor,6,"# Learning outcome LO1 Modern statistical methods of data analysis LO2 Use statistical methods and visualization to quickly explore data Aply statistics and computational analysis to make predictions based on data Aply basic computer science concepts such as modularity, abstraction, and encapsulation to data analysis problems LO3 Efectively comunicate the outcome of data analysis using descriptive statistics and visualizations",,Subject_B_024_04_en.pdf
B-025-04,Numerical Methods in Computer Calculations,Bachelor,6,,"Type Themes/Actitivity Contact hours, h Week Full-titime From To Part 1 Sources and main reasons of erors in computer 4 calculations. Conditionaly of tasks, stability and convergence of 2 methods. Direct and iterative methods of the decision of systems of 10 linear equations. Local and global interpolation. Aproximation. 10 Aplication of methods of numerical diferentiation and 6 integration. Itera",Subject_B_025_04_en.pdf
B-027-04,Systems Modeling,Bachelor,6,,,Subject_B_027_04_en.pdf
B-058-05,Foreign Language,Bachelor,3,the course is to help students enhance their knowledge of English so that they are more prepared for subsequent profesional English courses. | LO6 Ability to use enhanced English language skils for further profesional self-development,"Type Themes/Actitivity Contact hours, h Week Full-titime From To Part 1 P Shoping and consumerism, payments. Money: credits, 4 W1 W2 debt. Tenses. P Work, work satisfaction, key recruitment factors, global 6 W2 W4 employment markets. Pasives. P Studies and learning. Nouns and articles. 4 W4 W6 P Technologies in diferent aspects of life and societies. 4 W7 W9 Prepositions. P Travel and transport in",Subject_B_058_05_en.pdf
B-103-04,Higher Mathematics,Bachelor,15,,"Type Themes/Actitivity Contact hours, h Week Full-titime From To Part 1 Linear algebra 14 Vector algebra 12 Analytic geometry 12 Intermediate exam 2 Function, main concepts and characteristics 12 Limits of the numerical sequences and limits of the 10 functions of one variable Coloquium 2 Continuity of function 6 1 Sylabus and Study plan Derivative of function, interpretations and computation 10 Ap",Subject_B_103_04_en.pdf
B-103-06,Higher Mathematics,Bachelor,12,# Learning outcome LO1 Able to think abstractly and concretely; reason in a consistent and corect way; apreciate mathematics as a universal language of science. LO2 Understands and operates with basic concepts of higher mathematics; knows modern aproaches to solving basic modern problems; aplies basic concepts to solving basic real-world problems. LO3 Tailors and combines diferent methods to eficiently solve problems; formulates and solves problems paying atention to subtleties.,,Subject_B_103_06_en.pdf
B-106-06,Inteligent systems,Bachelor,9,"# Learning outcome LO1 Compare and contrast modern Artificial Inteligence techniques, and with those traditionaly asociated with complex problems 1 Learning outcomes LO2 Identify the isues asociated with the aplication of modern Artificial Inteligence techniques, including any ethical isues, and evaluate chalenges presented LO3 Demonstrate the ability to select apropriate paradigms and solve one or more problems with Artificial Inteligence techniques","Type Themes/Actitivity Contact hours, h Week Full-titime From To Part 1 L Search spaces and problem types (NP, non-stationary, 6 W1 multi-objective, etc) L Population-based search - simulated evolution (EAs) 6 W2 L Knowledge representations in EAs 6 W3 L Other population-based search techniques - artificial 6 W4 swarms L Hybridising local and population-based search 4 W5 L Training and testing – s",Subject_B_106_06_en.pdf
B-125-03,Computer Networks,Bachelor,24,"# Learning outcome LO1 - Understand the basics of routing, switching, and advanced networking technologies to prepare for the entry-level networking carers. - Know the terminology used to describe networking concepts. - Have and develop critical thinking, problem solving, colaboration, and the practical aplication of skils. LO2 LO3",,Subject_B_125_03_en.pdf
B-135-03,Embeded Electronic Devices and Programing,Bachelor,3,# Learning outcome LO1 the principles of embeded electronic devices design using microcontrolers LO2 programing and debuging software for microcontrolers LO3 use and development of microcontroler operation algorithms,"Type Themes/Actitivity Contact hours, h Week Full-titime From To Part 1 Principles of designing embeded devices. 2 The structural elements of the AVR with RISC architecture. 2 Tols and software of designing embeded devices. Steps 2 of AVR microcontrolers programing in С/C+. Programing of microcontroler I / O ports. 6 Procesing of external interupts. 4 Programing of microcontroler timers. 6 Program",Subject_B_135_03_en.pdf
B-137-04,Management Information Systems,Bachelor,3,# Learning outcome LO1,"Type Themes/Actitivity Contact hours, h Week Full-titime From To Part 1 Procedures of expert measurement. 0 Methods of quantitative estimation of complex systems. 0 Control. Control components: control object, control 0 objective, model of a system as control means, and control system. Peculiarities of social systems control. Information systems of enterprise control. System 0 aproach in their ana",Subject_B_137_04_en.pdf
B-148-04,Busines Comunication in Profesional Activities,Bachelor,3,,,Subject_B_148_04_en.pdf
B-17-04,Software Project Management,Bachelor,3,the course is to equip students with the basic knowledge and skils required for managing software projects and delivering a software product that mets stakeholders' expectations. | # Learning outcome LO1 Discus project management proceses and methodologies LO2 Recognize the importance and the necesity of Project management in software development LO3 Identify requirements elicitation techniques and define project scope LO4 Develop a schedule for the software development project activities,"Type Themes/Actitivity Contact hours, h Week Full-titime From To Part 1 L Introduction to the course content 2 W1 W1 The project, its atributes, and stakeholders Project management Project manager L Project management proceses 2 W2 W2 L Project management methodologies 2 W3 W3 L Project requirements: types of requirements, elicitation 6 W4 W6 techniques Project scope WBS Project resources and thei",Subject_B_177_04_en.pdf
B-184-05,User Experience (UX) Design,Bachelor,6,"# Learning outcome LO1 Discus modern and clasic UX design methods and techniques. LO2 Apreciate the importance of cognitive principles in UX design. LO3 Analyze interaction design problems, justify the proces, and identify trade-ofs LO4 Identify the proces of user experience design as a cyclical and iterative proces LO5 Aply relevant and modern aproaches, tols, and techniques when creating a Hi-Fi UX prototype for the given Busines scenario. LO6 Manage UX design project",,Subject_B_184_05_en.pdf
B-216-04,System Programing,Bachelor,6,,"Type Themes/Actitivity Contact hours, h Week Full-titime From To Part 1 Introduction to System Programing 2 Operating System architecture 2 The use of bitwise operations 4 Introduction to WinApi 4 GUI programing by WinApi 8 Obtaining system parameters data 4 1 Sylabus and Study plan Low-level working with files 4 Administration of the registry 4 Proces Management. Data exchange betwen proceses 12 ",Subject_B_216_04_en.pdf
B-24-04,Functional Programing,Bachelor,3,"# Learning outcome LO1 Understand the concepts of functional programing and lambda-calculus LO2 Able to solve simple programing tasks and define apropriate data types and read programs created by others LO3 Chose apropriate decompositions of given problems and compose coresponding functional programs from suitable function definitions, including their types","Type Themes/Actitivity Contact hours, h Week Full-titime From To Part 1 L Functional programing style 2 W1 L Data types 2 W2 P 1st Practical asignment: Introduction to functional 4 W3 programing L Recursion 2 W4 L Lambda-calculus 4 W5 P 2nd Practical asignment: Recursion 4 W6 L Scala programing language in functional paradigm. 4 W7 L LISP programing language 2 W8 P 3rd Practical asignment: Tasks 8",Subject_B_244_04_en.pdf
B-245-04,Aplication development with Java,Bachelor,3,"# Learning outcome LO1 Java language, Dependency injection with Spring, Evolution of distributed systems, Microservice architecture concept, 12 factor aplication principles; LO2 Java programing language, work with Spring Tols Suite, aply MVC design patern in practice, build distributed aplications with microservice architecture; 1 Learning outcomes LO3 work with Java programing language, work with Spring Tols Suite.","Type Themes/Actitivity Contact hours, h Week Full-titime From To Part 1 Introduction to Java Programing Language 2 Java syntax 4 OP in Java 2 Memory management in Java 1 Java Generics 1 Basic I/O operations 4 JDBC Database Aces 4 MVC design patern 2 Dependency injection with Spring Framework 4 Evolution of distributed aplications 2 Microservice architecture 4 12 Factor Ap principles 2",Subject_B_245_04_en.pdf
B-250-05,English for Carer Management,Bachelor,3,,"Type Themes/Actitivity Contact hours, h Week Full-titime From To Part 1 P Job aplication proces 4 W1 W3 P Writing an impresive CV 4 W4 W7 P Efective cover leters 8 W8 W1 P Sucesful interviews, sucesful presentations 8 W12 W14 P Folow up. Dealing with job ofers. Negotiating terms and 8 W15 W16 conditions",Subject_B_250_05_en.pdf
B-254-05,Foreign Language,Bachelor,3,the course is to help students enhance their knowledge of English so that they are more prepared for subsequent profesional English courses. | LO6 Ability to use enhanced English language skils for further profesional self-development,"Type Themes/Actitivity Contact hours, h Week Full-titime From To Part 1 P Shoping and consumerism, payments. Money: credits, 4 W1 W2 debt. Tenses. P Work, work satisfaction, key recruitment factors, global 6 W2 W4 employment markets. Pasives. P Studies and learning. Nouns and articles. 4 W4 W6 P Technologies in diferent aspects of life and societies. 4 W7 W9 Prepositions. P Travel and transport in",Subject_B_254_05_en.pdf
B-254-06,Foreign Language 2,Bachelor,3,"LO4 Ability to participate in oral comunication on profesional topics related to the area of IT LO5 Ability to use syntactic structures necesary to infer semantic information LO6 Ability to use the developed English language skils in complex and new profesional contexts, and for further profesional self-development","Type Themes/Actitivity Contact hours, h Week Full-titime From To Part 1 P Topics in Hardware (Hardware basics, computer 8 W1 W4 architecture, memory organisation, peripheral devices, I/ O functions, computer networking peripheral) P Topics in software (computer software, operating systems, 6 W5 W6 history of OS, computer viruses) P Programing (basics in programing, creating a program, 6 W7 W8 prog",Subject_B_254_06_en.pdf
B-306-04,Group project,Bachelor,3,LO5 Document and present the developed software product to stakeholders.,"Type Themes/Actitivity Contact hours, h Week Full-titime From To Part 1 L Agile methodologies in software development projects 4 W1 W2 P Inception 4 W3 W4 P Elaboration 6 W5 W8 P Construction 8 W9 W12 P Transition 4 W13 W14 L Documentation for software products (writing a project 2 W14 W15 report paper) P Preparing a report (presentation) 4 W15 W16",Subject_B_306_04_en.pdf
B-318-04,Object-Oriented Programing CP,Bachelor,0,# Learning outcome LO1 LO2 LO3,"Type Themes/Actitivity Contact hours, h Week Full-titime From To Part 1 0",Subject_B_318_04_en.pdf
B-319-04,Academic Skils and Critical Thinking,Bachelor,6,"LO3 Comunicate both proceses and results efectively, in a variety of media (e.g. writen and oral) in a narowly defined context LO4 Work efectively in groups, adapting their behavior to met their obligations to others LO5 Reflect upon their activities against given criteria","Type Themes/Actitivity Contact hours, h Week Full-titime From To Part 1 P Academic Skils and Critical Thinking / Information, 6 W1 W2 Systems and Comunication P Hard Skils vs Soft Skils and Presentation Skils 6 W2 W3 P Research Skils and Critical Evaluation 6 W4 W5 P Making a busines case 6 W5 W6 P Busines Modeling 6 W6 W7 P Profesionalism/Reflective Skils 6 W7 W8 P Efective Metings, Note Taking a",Subject_B_319_04_en.pdf
B-320-04,Foundations of AI,Bachelor,6,"# Learning outcome LO1 Identify diferent types of problem (optimisation, modeling, simulation), and asociated state-based models LO2 Explain the concept of learning as search, and ilustrate diferent individual and population-based search methods LO3 Identify diferent paradigms for representing problems and knowledge, and explain their main features and diferences LO4 Design and implement inteligent solutions using at least two diferent architectures","Learning outcomes # Learning outcome LO1 Identify diferent types of problem (optimisation, modeling, simulation), and asociated state-based models LO2 Explain the concept of learning as search, and ilustrate diferent individual and population-based search methods LO3 Identify diferent paradigms for representing problems and knowledge, and explain their main features and diferences LO4 Design and i",Subject_B_320_04_en.pdf
B-323-04,Artificial Inteligence Chalenges and Research,Bachelor,6,,,Subject_B_323_04_en.pdf
B-324-04,Information Technology Project Management,Bachelor,6,"LO4 Test and criticaly evaluate the completed product and justify how it met the beneficiaries' / sponsor’s requirements LO5 Criticaly evaluate your own role, and the team’s performance in managing a project","Type Themes/Actitivity Contact hours, h Week Full-titime From To Part 1 L Methodical aproach to project management 6 W1 W2 L Resource identification and requirement analysis 6 W3 W4 L Agile project planing and management 6 W5 W6 L Team dynamics, efective working and managing 6 W7 W8 chalenges L Folow an Agile software development proces such as 6 W9 W10 SCRUM to iteratively progres towards defined",Subject_B_324_04_en.pdf
B-326-04,Bachelor's Thesis (CS),Bachelor,15,,"Type Themes/Actitivity Contact hours, h Week Full-titime From To Part 1 S Bachelor Thesis development 0 W1 W10",Subject_B_326_04_en.pdf
B-329-04,Database and Data Banks (CP),Bachelor,3,"# Learning outcome LO1 1.Stages of database design 2. Algorithm for the development of the relational model ""entity-relationship"" 3. The basis for documenting the software product 1 Learning outcomes LO2 1.Use specific DBMS to create databases 2. Use aplication development tols 3. Work with reference literature and other information sources LO3 1. Design and implementation of relational databases 2. Identification and elimination of problems when designing databases 3. Selecting and using DBMS","Type Themes/Actitivity Contact hours, h Week Full-titime From To Part 1 Description of the proces of development of the 2 reference and information system in the DBMS environment (task for course work, stages of work on the course). Fundamentals of documenting a software product (writing a report) Analysis of the subject area. Development of a database 4 model Designing functions of system and its",Subject_B_329_04_en.pdf
B-33-04,Web Aplication Construction,Bachelor,3,"# Learning outcome LO1 knowledge in web-aplication development technologies; LO2 skils to create web-pages using XHTML markup language, control web-page elements using CS, ad dynamic elements to the page using JavaScript; LO3 competences to analyse, design, implement and test web aplications using widespread tols and technologies;","Type Themes/Actitivity Contact hours, h Week Full-titime From To Part 1 Introduction to Web. Basic terms. Basic principles and 2 stages of development of Web sites Web-site and web-page types. Types of layout and 6 designs. Web-site logical organization models Basic elements and structure of HTML document. Block 2 level elements. Inline elements. Built-in physical and logical formating styles Pict",Subject_B_333_04_en.pdf
B-352-05,Profesional English for Information Technologies,Bachelor,9,"# Learning outcome 1 Learning outcomes LO1 know profesional vocabulary on the given topics and basic gramatical structures; be able to speak and write with confidence, improve their reading comprehension skils in the chosen area of specialization; be able to use the obtained knowledge to expres their opinions, read authentic texts, comunicate on profesional topics for their profesional growth. LO2 LO3","Type Themes/Actitivity Contact hours, h Week Full-titime From To Part 1 Electric curent 0 Electronic principles. Electronic circuits 0 Basic principles of radio and television 0 Radio devices 0 The telephone 0 Computer hardware 0 Computer software 0 Telecomunications networks 0 Cable – Wireles telecomunications 0",Subject_B_352_05_en.pdf
B-353-05,English for Carer Management,Bachelor,3,"the course is to depen the practical language skils which are necesary for carer management. | LO2 LO3 Obligatory reading list • C. Downes. Cambridge Englisjh for Job Hunting. Cambridge, 2010. • Wiliams, E. J. Presentations in English. UK: Macmilan Publishers limited, 208 • Jane Hudson, Tim Fala, Paul A Davies. Solutions, Students’ Bok, Workbok. Advanced. 2012 Addititional reading list • Online resources: • ww.oup.com/elt • htp:/ww.englisch-hilfen.de/en/exercises_list/ale_gramar.htm • htp:/ww.5minutenglish.com/feb28.htm","Type Themes/Actitivity Contact hours, h Week Full-titime From To Part 1 Job aplication proces 0 Writing an impresive CV 0 Efective cover leters 0 Sucesful interviews 0 Sucesful presentations 0 Dealing with job ofers. 0 Negotiating terms and conditions 0",Subject_B_353_05_en.pdf
B-40-02,Technical Writing,Bachelor,3,"# Learning outcome LO1 Analyse, design and evaluate writen comunication proceses 1 Learning outcomes LO2 Conduct a situational analysis, and reconcile and aply a range of stakeholder perspectives LO3 Show a detailed knowledge and understanding of technical writing, including awarenes of personal responsibility and relevant profesional and ethical isues LO4 Write god, acurate technical language to suit particular and multiple audiences",,Subject_B_400_02_en.pdf
B-483-01,Foundations of Start up Development,Bachelor,3,"LO3 Evaluate the strategic efects of sustainability, depending on the context and the industry. LO4 Recognize threats and oportunities brought by digital transformation and sustainability. LO5 Provide solutions to diferent comon busines problems where digital and sustainability play a significant role. LO6 Interact constructively and think criticaly.","Type Themes/Actitivity Contact hours, h Week Full-titime From To Part 1 L Management functions 4 W1 W2 L Outer and iner environment for enterprises and 4 W3 W5 organisations P Enterprise organisation and analysis tols (SWOT, PEST, 4 W6 W8 etc.) L Busines strategy and planing, and analysis tols (BCG 6 W9 W12 matrix, strategy clock, portfolio cube, etc.) L Marketing and research (4P mix, break-even ",Subject_B_483_01_en.pdf
B-496-03,Discrete Mathematics CP,Bachelor,3,# Learning outcome LO1 mathematical notation and terminology of graph theory and theory of algorithms transport task and main methods of its solving basic clases of problems in the theory of algorithms algorithmic model Turing machine LO2 solve transport problem in graph theory solve the problem of finding the flow with minimal cost implement various algorithms using a Turing machine LO3 networks and flows in networks transport problem algorithms and algorithmic models Turing machine,"Type Themes/Actitivity Contact hours, h Week Full-titime From To Part 1 Transport problem 16 Turing machine 16",Subject_B_496_03_en.pdf
B-506-05,Subject of Fre Choice,Bachelor,3,# Learning outcome LO1 LO2 LO3,"Type Themes/Actitivity Contact hours, h Week Full-titime From To Part 1 0",Subject_B_506_05_en.pdf
B-56-05,Introduction to Inteligence Systems,Bachelor,6,"the study course is to introduce students to the basics of inteligent system methods and their aplication in various areas of real life and how to implement a system with ""inteligent"" functionality. | # Learning outcome LO1 Know and aply the base principles of the evolution methods and artificial neural networks LO2 Able to make the problem statement of the aplication of the evolutionary algorithms and artificial neural networks for solving the aplied problem LO3 Able to select the methods and algorithms for solving the specific type of inteligence tasks 2",,Subject_B_556_05_en.pdf
B-563-01,Cybersecurity,Bachelor,6,,"Type Themes/Actitivity Contact hours, h Week Full-titime From To Part 1 L Cybersecurity basics. Securing Networks 4 W1 P Secure Device Aces 4 W2 L Network Vulnerabilities, Threats and Atacks 4 W3 L Mitigating Threats 4 W4 L Device Monitoring and Management 4 W5 L Asigning Administrative Roles 4 W6 L Authentication, Authorization and Acounting (AA) 4 W7 P Aces Control Lists 4 W8 L Firewal Technolog",Subject_B_563_01_en.pdf
B-56-05,Elements of AI (Introduction to AI + Building AI) (online),Bachelor,3,# Learning outcome LO1 LO2 Understands the basic concept and logic of Artificial Inteligence and masters the key vocabulary related to the subject. Able to understand the limitations of the curent stage of development of Artificial Inteligence. Understand the practical (existing and potential) aplications of AI and implications of them to busines proceses. LO3 Aply fundamental AI algorithms and methods to develop simple AI solutions,"Type Themes/Actitivity Contact hours, h Week Full-titime From To Part 1 Introduction to AI 1 Building AI 1",Subject_B_566_05_en.pdf
B-73-01,Introduction to the Specialty and Digital Skils,Bachelor,6,"# Learning outcome LO1 To name the basic direction of the Computer Science development, list basic requirements of the institute study proces, and discus the structure and main content of the education program. 1 Learning outcomes LO2 To describe the posible areas of profesional activity after graduation. LO3 Use the information environment of the Institute for the learning proces. LO4 To understand the relationship betwen computer systems, aplications, programing, and programing languages.","Type Themes/Actitivity Contact hours, h Week Full-titime From To Part 1 L Structure of the TSI. The main requirements of the 4 W1 W2 educational proces at the institute. L Guidelines for the organization of training activities at the 4 W2 W3 university. L Review of discipline. The history of computer science. 4 W3 W4 L Computer architecture. Data storage. Procesing data. 4 W4 W5 L Operating system",Subject_B_733_01_en.pdf
B-734-01,Individual project -1,Bachelor,3,# Learning outcome LO1 Understand program life cycle and program development stages LO2 Aply proper coding style LO3 Implement algorithms using high level programing languages LO4 Use of development environment and debugers for program development and testing purposes LO5 Develop of simple console aplications with basic user interfaces,Learning outcomes # Learning outcome LO1 Understand program life cycle and program development stages LO2 Aply proper coding style LO3 Implement algorithms using high level programing languages LO4 Use of development environment and debugers for program development and testing purposes LO5 Develop of simple console aplications with basic user interfaces,Subject_B_734_01_en.pdf
B-734-02,Individual project -2,Bachelor,3,# Learning outcome LO1 Use a software development environment to create an aplication LO2 Design and implement a relational database LO3 Aply a query language to get data 1 Learning outcomes LO4 Aply an object-oriented aproach to aplication development LO5 Use an object-oriented programing language to retrieve and proces data that is stored in a database,"Type Themes/Actitivity Contact hours, h Week Full-titime From To Part 1 L The content of the project. The tasks for the project. 2 W5 W5 Stages of work. L Fundamentals of documenting a software product 2 W5 W5 P Selection and analysis of the subject area. Requirements 2 W6 W6 analysis. P Development of a database model and its normalisation 2 W7 W7 P Selection of a database management system. Data",Subject_B_734_02_en.pdf
B-734-03,Individual project -3,Bachelor,3,# Learning outcome LO1 Understand cloud-oriented development technologies LO2 Aply proper architectural and UX paterns LO3 Using cloud-based development environments and debugers for program development and testing LO4 Developed cloud service in acordance with the individual task. 1,"Type Themes/Actitivity Contact hours, h Week Full-titime From To Part 1 L Project estimation 2 W1 W2 P Project estimation 2 W2 W3 L Project Planing 2 W3 W4 P Project Planing 2 W4 W5 P Project Implementation 12 W5 W8 P Testing and debuging 6 W8 W12 L Documentation for software products (writing a project 2 W13 W14 report paper) P Documentation for software products (writing a project 2 W14 W15 repo",Subject_B_734_03_en.pdf
B-735-01,Database Design Concepts,Bachelor,6,,,Subject_B_735_01_en.pdf
B-737-01,Database procesing,Bachelor,6,"this course is to introduce advanced SQL features used to create and manage views, trigers, stored procedures, and embeded SQL. Students explore transaction and concurency control, query optimization methods, indexing, and the aplication of modern database technologies. | # Learning outcome LO1 Define views, build-in procedures, and trigers LO2 Analyze database transactions and manage their execution LO3 Use embeded SQL statements in programing languages LO4 Optimize query execution to enhance system performance LO5 Explore modern database technologies and their aplication in diferent Busines areas.",,Subject_B_737_01_en.pdf
B-738-01,Aplied Numerical Methods,Bachelor,6,"the course is to introduce students to the fundamental principles of aplying numerical methods, as wel as to give students practical hands-on experience in creating computer tols for solving aplied and research problems.",,Subject_B_738_01_en.pdf
B-739-01,Data Science Fundamentals,Bachelor,6,"this course is to instruct students in the data science proces and introduce a wide range of data science tols such as inferential statistics, clasification and regresion, also to learn students to produce R code to perform data exploration, analysis and modeling using diferent data types.",,Subject_B_739_01_en.pdf
B-740-01,Web Programing,Bachelor,6,,,Subject_B_740_01_en.pdf
B-741-01,System Analysis and Modeling,Bachelor,6,,,Subject_B_741_01_en.pdf
B-742-01,Blockchain Technologies,Bachelor,6,"# Learning outcome LO1 Know the terminology of Blockchain theory, Blockchain theory basics, and the concept of cryptocurency. 1 Learning outcomes LO2 Be able to aply diferent Blockchain technics for real-world tasks and have skil in Blockchain construction and aplication. LO3 Ability to recognize security, management, financial problems in aplication areas and state them in a proper mathematical form and practical aply Blockchain theory to profesional problems.","Type Themes/Actitivity Contact hours, h Week Full-titime From To Part 1 L Introduction to Blockchain 6 W1 W2 L Blockchain Consensus 6 W3 W4 L Hyperledger Fabric 6 W5 W6 L Bitcoin, Ethereum, and Decentralized Aplications 10 W7 W8 P Cryptocurency Management 2 W7 W8 L Decentralized Finance and Economics 6 W9 W10 L Privacy on a Public Blockchain 6 W1 W12 L Scalability in Blockchain 6 W13 W14 L Blockch",Subject_B_742_01_en.pdf
B-743-01,Introduction to Scientific Research,Bachelor,3,,,Subject_B_743_01_en.pdf
B-74-01,Cloud Computing & Internet of Things,Bachelor,6,"# Learning outcome LO1 Describe the IoT and Cloud architectures 1 Learning outcomes LO2 Determine the right sensors and comunication protocols to use in a particular IoT system LO3 То deploy Cloud Services using diferent cloud technologies. LO4 Implement elements of cloud computing such as virtual machines, web aplications, mobile services, etc. LO5 Implement security features to protect data stored in the cloud.","Type Themes/Actitivity Contact hours, h Week Full-titime From To Part 1 L Trends of Computing 4 W1 W1 L Introduction to IoT 4 W2 W2 L IoT Architectures 4 W3 W3 L IoT Devices and Sensors 4 W4 W4 L IoT comunication and protocols 4 W5 W5 L Cloud Computing Fundamentals 4 W6 W6 L Cloud Computing Architectures 4 W7 W7 L Cloud Types and Services 4 W8 W8 P Cloud Services 4 W9 W9 L Virtualization and Resou",Subject_B_744_01_en.pdf
B-745-01,Quantum Computing,Bachelor,3,"# Learning outcome LO1 Demonstrate proficiency with the mathematics behind quantum algorithms, such as unitary operators and quantum gates. LO2 Understand the major quantum computing algorithms, such as Grover and Shor. 1 Learning outcomes LO3 Compare and contrast the thre main hardware platforms: transmon qubit (IBM Q), traped ion (IonQ), and quantum anealing (D-Wave). LO4 Program the simplest quantum operations.","Type Themes/Actitivity Contact hours, h Week Full-titime From To Part 1 L Intro to quantum mechanics. 4 W1 W2 L Various physical realizations of quantum computing, such 6 W3 W4 as transmon qubit (IBM Q), traped ion (IonQ), and quantum anealing (D-Wave). L Quantum states and qubits. 2 W5 W6 L Quantum gates including Hadamard, Pauli-XYZ, Tofoli, 4 W7 W8 Fredkin, Qiskit. L Quantum algorithms such as ",Subject_B_745_01_en.pdf
B-747-01,Entrepreneurial Skils for the Information Technology Industry,Bachelor,6,"# Learning outcome LO1 Apreciate and aply a range of skils required to sucesfuly launch a hi-tech start-up and/or new product or service LO2 Develop a busines model and a busines action plan LO3 Analyse market oportunities for a new hi-tech product using heterogeneous, multi- sourced data LO4 Plan and execute a campaign to promote a new product to likely customers LO5 Plan and organise a demonstration of a prototype for the new service or product",,Subject_B_747_01_en.pdf
B-748-01,Computer Graphics,Bachelor,6,,,Subject_B_748_01_en.pdf
B-749-01,Cloud Services Integration,Bachelor,3,"# Learning outcome LO1 Evaluate and compare diferent types of aplication network architecture aproaches (ie SOA, Microservices) and the API development lifecycle. LO2 Independently design, develop and test a new API (Aplication Programing Interface) or improve an existing API, using apropriate tols.",,Subject_B_749_01_en.pdf
B-750-01,Software Enginering,Bachelor,12,,,Subject_B_750_01_en.pdf
B-751-01,Computer Networks,Bachelor,6,,"Type Themes/Actitivity Contact hours, h Week Full-titime From To Part 1 L Networking Today. Advances in modern network 4 W1 technologies. P Basic Switch and End Device Configuration 4 W2 L Protocols and Models 4 W3 L Physical Layer 4 W4 P Number Systems 4 W5 L Data Link Layer. Ethernet Switching 4 W6 L Network Layer 4 W7 L Adres Resolution 4 W8 P Basic Router Configuration 4 W9 L IPv4 and IPv6 Adr",Subject_B_751_01_en.pdf
B-752-01,English for Information Technologies,Bachelor,3,"LO4 Ability to participate in oral comunication on profesional topics related to the area of IT LO5 Ability to use syntactic structures necesary to infer semantic information LO6 Ability to use the developed English language skils in complex and new profesional contexts, and for further profesional self-development","Type Themes/Actitivity Contact hours, h Week Full-titime From To Part 1 P Topics in Hardware (Hardware basics, computer 8 W1 W4 architecture, memory organisation, peripheral devices, I/ O functions, computer networking peripheral) P Topics in software (computer software, operating systems, 6 W5 W6 history of OS, computer viruses) P Programing (basics in programing, creating a program, 6 W7 W8 prog",Subject_B_752_01_en.pdf
B-767-01,Operating Systems and System Programing,Bachelor,6,"# Learning outcome LO1 Know the functions of operating systems, architecture, components and principles of operation LO2 Be able to manage proceses, threads, memory, files LO3 Use the posibilities of system programing to implement software solutions",,Subject_B_767_01_en.pdf
B-77-04,Web Aplication Development Tols,Bachelor,3,,"Type Themes/Actitivity Contact hours, h Week Full-titime From To Part 1 Course overview. Java & JVM. 2 JSP & Servlets, simple web aplication using standard Java 3 libraries. Version control systems. Presentation layer. Java Servlet, JSP, JSF technologies. 3 Wicket framework. Enterprise web aplication architecture. Domain-driven 3 design. PHP intro. 4 Data aces and persistence. 3 Clean code, unit a",Subject_B_777_04_en.pdf
B-925-01,Skils consolidation in English,Bachelor,3,# Learning outcome LO1,"Type Themes/Actitivity Contact hours, h Week Full-titime From To Part 1 Question forms 0 Relative clauses 0 Pasives 0 Modals of obligation / permision 0 Basic Reading concepts 0 Topic sentences and paragraphing 0 Reported spech 0 Verbs 0",Subject_B_925_01_en.pdf
B-925-02,Linear Algebra,Bachelor,3,"# Learning outcome LO1 Know and manipulate vectors and matrices, including basic operations and properties. LO2 Understand the concepts of vector spaces, linear independence, bases, and dimension. LO3 Understand and aply linear transformations and their properties LO4 Solve systems of linear equations and understand diferent solving methods LO5 Aply theoretical concepts to practical problems in enginering and sciences","Type Themes/Actitivity Contact hours, h Week Full-titime From To Part 1 Introduction to Linear Algebra 0 Vector Spaces 0 Bases and Dimensions 0 Linear Transformations 0 Solving Linear Systems 0 Eigenvalues and Eigenvectors 0",Subject_B_925_02_en.pdf
B-925-03,Python Programing,Bachelor,3,"# Learning outcome LO1 Provide a comprehensive introduction to Python programing, emphasizing its syntax, structures, and libraries LO2 Translate algorithmic concepts learned in C to Python, enhancing problem-solving skils LO3 Introduce advanced Python features such as object-oriented programing, file handling, and libraries for data manipulation LO4 Aply Python to practical enginering and data science problems","Type Themes/Actitivity Contact hours, h Week Full-titime From To Part 1 Introduction to Python 0 Object-Oriented Programing 0 File Handling and I/O 0 Python Libraries for Data Science 0 Practical Projects and Aplications 0",Subject_B_925_03_en.pdf
B-925-04,Basics of Digital Electronics,Bachelor,3,# Learning outcome LO1 Understand the basics of digital electronics LO2 Master combinational and sequential logic LO3 Model and design synchronous automata,"Type Themes/Actitivity Contact hours, h Week Full-titime From To Part 1 Introduction to Digital Electronics Basics 0 Combinational Logic 0 Binary Modeling, Basic Logic Gates 0 Number Encoding, Adition, Subtraction, Comparison 0 Sequential Logic 0 D Flip-Flop 0 Registers 0 Counters 0 Synchronous Automata Design 0 Mealy Machines 0 More Machines 0 Automata Design Methodology 0 Diferent Types of Encod",Subject_B_925_04_en.pdf
B-925-05,CSR and GDPR,Bachelor,3,,"Type Themes/Actitivity Contact hours, h Week Full-titime From To Part 1 Introduction to CSR 0 CSR Principles and Aplications 0 Introduction to GDPR 0 Practical Aplication of GDPR 0",Subject_B_925_05_en.pdf
B-925-06,Internet of Things (IoT),Bachelor,3,# Learning outcome LO1,"Type Themes/Actitivity Contact hours, h Week Full-titime From To Part 1 Overview of IoT Environment and Services 0 IoT Technologies 0 Architectures and Standardization 0 Software Solutions 0 Data Management 0 Stakeholders, Solutions, Markets 0",Subject_B_925_06_en.pdf
B-925-07,Operating Systems,Bachelor,3,# Learning outcome LO1,"Type Themes/Actitivity Contact hours, h Week Full-titime From To Part 1 General Introduction 0 Roles 0 Diferent Aspects of Systems 0 Hardware Resource Management, Drivers 0 File Management, Main File Systems 0 Memory Management 0 Components 0 Proceses 0 Scheduling Concepts 0 Inter-proces Comunication 0 Structural Diferences Betwen Single-tasking, 0 Coperative Multitasking, Premptive Multitasking O",Subject_B_925_07_en.pdf
B-925-08,Probability and Statistics,Bachelor,3,"# Learning outcome LO1 Model and solve random problems. LO2 Master discrete and continuous probability distributions. LO3 Calculate expectations, variances, and moments of distributions. LO4 Analyze data sets and interpret statistical results LO5 Understand convergence theorems to aproach multivariate analysis methods.","Type Themes/Actitivity Contact hours, h Week Full-titime From To Part 1 Introduction to probability and statistics 0 Discrete and continuous random variables 0 Probability distributions 0 Expectation, variance, and moments 0 Important probability laws (binomial, Poison, normal) 0 Convergence theorems (law of large numbers, central 0 limit theorem)",Subject_B_925_08_en.pdf
B-925-09,Electronics and Microprocesor,Bachelor,3,"# Learning outcome LO1 • Describe the architecture and components of the Raspbery Pi. LO2 • Instal, configure, and use the Raspbery Pi. LO3 • Understand and use basic Linux comands. LO4 • Implement digital electronics concepts with microcontrolers. LO5 • Write Python code for interfacing the Raspbery Pi with sensors and actuators.","Type Themes/Actitivity Contact hours, h Week Full-titime From To Part 1 Introduction to Raspbery Pi 0 Basics of Linux 0 Digital Electronics 0 Python Programing for Raspbery Pi 0 Sensor and Actuator Interfacing 0 IoT Project for Smart Cities 0 Group Project. Project Presentation 0",Subject_B_925_09_en.pdf
C-09-03,Latvian Language,Bachelor,3,"LO3 fil in forms; write an invitation, mesage or any other information stating the time, place and adres provide writen and oral information on certain themes.","Type Themes/Actitivity Contact hours, h Week Full-titime From To Part 1 Formal and informal gretings. Alphabet. Personal 4 information, describing personality. Verbs, nouns Family members, relatives. Saying the dates, e.g. date of 6 birth. Adres. Place of residence. My house, flat. City plan. 4 Transport. Prepositions. Human body parts. Health. Fod. Prepositions and cases 6 concord. Request, imper",Subject_C_009_03_en.pdf
C-142-04,"Labour Safety, Civil Defence and Environment Protection",Bachelor,3,,,Subject_C_142_04_en.pdf
C-603-05,Latvian for Foreign Students,Bachelor,3,"the course is to provide students with basic knowledge of the Latvian language, to introduce gramar structures and vocabulary used in daily conversations as wel as in social and state institutions. | # Learning outcome LO1 Know basic language constructions and paterns LO2 Use simple verbs in simple tenses to cover main topics, use simple word-combinations and numerals for forming language constructions related to the topic 1 Learning outcomes LO3 Provide writen and oral information on certain topics","Type Themes/Actitivity Contact hours, h Week Full-titime From To Part 1 P Formal and informal gretings. Personal information. 4 W1 W2 Family P My ocuptation 6 W3 W5 P My house, flat. On excursion 4 W6 W7 P Numbers, months, a clock 4 W8 W9 P My studies at a university 4 W9 W10 P Comparison. Declinations 2 W1 W12 P In the shop. Money 4 W13 W14 P Means of transport. 4 W15 W16",Subject_C_603_05_en.pdf